Feature,Visibility(mi),Pressure(in),Wind_Chill(F),Precipitation(in),Humidity(%),Wind_Speed(mph)
Visibility(mi),1.0,0.033885640926439614,0.11246598310606136,-0.27611510176943277,-0.34036281808950164,0.006749962183608651
Pressure(in),0.033885640926439614,1.0,-0.6851145967480656,0.09533458150454407,0.06627412099803144,-0.03146015008182635
Wind_Chill(F),0.11246598310606136,-0.6851145967480656,1.0,-0.16727025066120713,-0.32546941104652244,-0.3586745291087933
Precipitation(in),-0.27611510176943277,0.09533458150454407,-0.16727025066120713,1.0,0.21362465061649477,0.056686131564266204
Humidity(%),-0.34036281808950164,0.06627412099803144,-0.32546941104652244,0.21362465061649477,1.0,-0.07231935426304321
Wind_Speed(mph),0.006749962183608651,-0.03146015008182635,-0.3586745291087933,0.056686131564266204,-0.07231935426304321,1.0
